user_id,first_name,last_name,gender,email
u-752,Arthur,Ferreira,M,leandro69@example.net
u-693,Sofia,Moreira,F,enzo-gabriel51@example.org
u-278,Catarina,Mendes,F,igorpacheco@example.net
u-547,Laura,Porto,M,azevedojoao-gabriel@example.org
u-924,Arthur,Porto,F,mda-luz@example.net
u-127,João Guilherme,Vieira,F,gcosta@example.org
u-366,Gustavo,da Luz,M,rbarros@example.net
u-542,Arthur Gabriel,Montenegro,F,araujocaio@example.org
u-214,Noah,Novaes,M,das-nevesolivia@example.org
u-878,Danilo,Sousa,F,tcavalcanti@example.com
u-632,Rhavi,Mendonça,F,novaistheo@example.net
u-309,Lorenzo,Macedo,F,joao-guilherme99@example.org
u-439,Théo,Silva,M,ccassiano@example.net
u-964,Bento,Lima,M,andradeheloisa@example.com
u-519,Isabella,Câmara,M,cda-cruz@example.net
u-190,Thales,Pastor,F,antonio33@example.com
u-694,Caroline,Sampaio,F,ucardoso@example.org
u-274,Erick,da Rocha,F,asafemoreira@example.com
u-114,Luana,Silveira,F,goncalvesmariana@example.net
u-480,Maria Liz,Nascimento,F,wsouza@example.com
u-776,Anna Liz,Alves,F,vargasaylla@example.net
u-647,Heloísa,Barbosa,M,manuelarodrigues@example.org
u-931,Cauã,Aparecida,F,omendes@example.net
u-916,Lorena,Sales,M,xsilveira@example.com
u-023,Clara,Aparecida,M,sampaiodante@example.net
u-598,José,Campos,M,benicio04@example.net
u-949,Mathias,Pimenta,F,wazevedo@example.com
u-182,Joaquim,Dias,M,lleao@example.net
u-097,Ana Liz,Montenegro,M,eporto@example.com
u-091,Isabel,Peixoto,M,barbosaluna@example.net
u-024,Lucca,Montenegro,F,maiteguerra@example.org
u-810,José Miguel,Rodrigues,M,goncalvesaurora@example.com
u-175,Pedro Henrique,Fonseca,F,rporto@example.net
u-655,Miguel,Freitas,F,mcarvalho@example.com
u-374,Yasmin,Correia,M,barbaragoncalves@example.com
u-945,Felipe,Vargas,F,nicole91@example.org
u-849,Sabrina,Sá,F,nnascimento@example.net
u-549,Clara,Sá,F,yagomachado@example.com
u-696,Davi Lucca,Melo,F,razevedo@example.com
u-097,Catarina,Pastor,F,luarasa@example.net
u-551,Antônio,Nascimento,F,joao-felipe02@example.org
u-947,Fernando,Brito,F,monteiroemanuel@example.net
u-393,Yan,Aragão,M,joao-felipemacedo@example.org
u-625,Cecilia,Dias,F,zoecamargo@example.org
u-167,Ana Carolina,Lopes,F,bruno67@example.org
u-680,Isabela,Pastor,M,danilo49@example.org
u-795,Laís,Melo,M,cavalcantimariane@example.com
u-263,Emilly,Fonseca,F,gpeixoto@example.net
u-047,Matheus,Cavalcanti,M,ana-vitoria56@example.org
u-490,Ana Liz,da Costa,F,salves@example.net
u-102,Arthur Gabriel,Albuquerque,F,ninamontenegro@example.net
u-488,Maysa,Pinto,M,nathanrocha@example.com
u-886,Cauê,Vargas,F,teixeiramaria-flor@example.net
u-760,Maria Alice,Souza,F,eloa49@example.net
u-831,Danilo,Santos,F,pereiramaria-luisa@example.com
u-583,Ana,Pereira,M,rodrigo35@example.com
u-579,Evelyn,Albuquerque,F,hellena55@example.net
u-015,Maya,Caldeira,F,mariasilva@example.net
u-573,Maria Eduarda,da Rocha,M,carlos-eduardosampaio@example.com
u-483,Luiz Miguel,Santos,M,uviana@example.net
u-575,Jade,Sousa,F,cavalcantistephany@example.net
u-639,Kevin,da Cunha,M,mendoncadavi-luiz@example.com
u-274,Davi,Albuquerque,M,hgoncalves@example.com
u-237,Bernardo,Mendes,M,jgoncalves@example.com
u-368,Giovanna,Gonçalves,F,pmoura@example.net
u-309,Brenda,Campos,M,da-mataarthur-miguel@example.com
u-630,João,Vasconcelos,F,nda-cruz@example.net
u-213,Benjamin,Farias,F,maria-sophia00@example.org
u-151,Nicole,Monteiro,F,fcosta@example.net
u-663,Gabriela,Montenegro,F,paulocostela@example.net
u-934,Pietra,da Cunha,M,thomaspacheco@example.net
u-684,Fernanda,Silveira,M,uaparecida@example.com
u-251,Gael Henrique,Pimenta,M,tbarbosa@example.net
u-985,Ryan,Nascimento,M,ffonseca@example.com
u-155,Sofia,Brito,M,estercassiano@example.org
u-972,João Felipe,Silveira,F,maria-sophiasousa@example.com
u-780,Fernanda,da Rosa,F,lribeiro@example.net
u-709,Lucas,Camargo,M,hsouza@example.org
u-301,Luísa,Lopes,M,heitorporto@example.net
u-586,João Guilherme,Gonçalves,F,marcelanovaes@example.org
u-701,Cauã,Costa,F,bda-rocha@example.com
u-735,Rodrigo,Borges,M,cauevargas@example.org
u-172,Cecília,Sales,F,yvieira@example.com
u-846,Caroline,Moura,M,joao-gabriel71@example.com
u-969,Bento,Pastor,F,benjamimnascimento@example.net
u-809,Oliver,da Luz,M,ana-vitoriamendes@example.net
u-960,Luiz Miguel,da Rocha,M,jviana@example.org
u-601,Davi Lucca,Siqueira,M,luiz-gustavo27@example.net
u-004,Davi Miguel,Garcia,M,luiz-henrique50@example.com
u-337,Ana Júlia,Fernandes,F,brayangomes@example.net
u-091,Raul,Alves,F,luisa34@example.net
u-157,Cecilia,Rocha,F,vpeixoto@example.net
u-292,Gael,Siqueira,F,freitasemanuel@example.net
u-241,Bernardo,Ramos,F,hribeiro@example.org
u-381,Maria Laura,Rodrigues,M,theopimenta@example.com
u-949,Miguel,Melo,M,nogueirabento@example.org
u-528,Luana,Fonseca,F,benjamim05@example.org
u-111,Ana Lívia,Montenegro,F,maria-alice83@example.com
u-709,João Felipe,Silveira,F,cfonseca@example.net
u-983,Sophie,da Rocha,F,souzaeloa@example.org
u-218,Matheus,Machado,M,machadoagatha@example.org
u-624,Valentina,Almeida,M,jose-miguelcastro@example.net
u-426,Diego,Ramos,M,rafaelafarias@example.org
u-895,Ravi,da Luz,F,fernandesyago@example.com
u-034,Eloá,Gomes,F,ncaldeira@example.com
u-920,José,Aparecida,M,brenda75@example.org
u-614,Rhavi,Brito,M,josue45@example.org
u-603,Raul,Camargo,M,sbrito@example.net
u-637,Isadora,das Neves,F,gomesgabrielly@example.org
u-504,Paulo,Casa Grande,M,heitor56@example.com
u-281,Maria Clara,da Mota,M,marcos-viniciusfonseca@example.net
u-204,Larissa,Rodrigues,M,vianalucca@example.net
u-303,Beatriz,Novaes,M,wborges@example.org
u-907,João Lucas,da Paz,F,da-cunhamanuela@example.net
u-544,Yago,Mendes,M,nascimentojoao@example.net
u-366,Elisa,Camargo,M,auroramelo@example.com
u-551,Lucas Gabriel,Brito,F,guerracecilia@example.com
u-127,Ana Vitória,Duarte,M,uporto@example.com
u-450,Gael,Lopes,M,emanuellabarros@example.com
u-102,Vicente,Freitas,M,da-pazlucca@example.com
u-130,Evelyn,Guerra,M,camposlucas@example.org
u-650,Sophie,Nunes,M,ffarias@example.net
u-387,Theo,Pimenta,M,wda-rocha@example.net
u-863,Isadora,Fernandes,F,gmarques@example.net
u-184,Helena,Abreu,F,luiz-miguel73@example.com
u-249,Sophia,Moura,M,iaragao@example.net
u-613,Benício,Sampaio,F,cardosoana-liz@example.net
u-144,Pedro Henrique,Santos,F,yanda-mota@example.net
u-559,Guilherme,Nascimento,F,mathias41@example.org
u-493,Calebe,Vargas,F,obrito@example.net
u-159,Pedro,Pinto,F,lunada-costa@example.net
u-911,Maria Isis,Castro,F,vinicius89@example.com
u-813,Rodrigo,Camargo,F,dlopes@example.org
u-373,Luiza,Macedo,F,da-luzdavi-lucca@example.org
u-946,Ryan,da Luz,M,lara24@example.net
u-470,Asafe,Silveira,F,milenamoraes@example.net
u-871,João Lucas,Pastor,M,spastor@example.com
u-971,Natália,Machado,M,pintoanthony@example.org
u-315,Hadassa,Aragão,M,bernardogarcia@example.net
u-625,Luna,Nunes,F,vsa@example.net
u-835,Vinicius,Sousa,M,ogarcia@example.com
u-528,Davi Luiz,Rezende,M,macedoeloa@example.com
u-646,Mateus,Melo,F,nascimentoana-julia@example.org
u-750,Ana Lívia,da Costa,M,fonsecamariah@example.org
u-583,Luigi,da Cruz,F,leonardo72@example.com
u-542,Mariah,das Neves,M,danielazevedo@example.com
u-565,Stephany,Freitas,M,pietra71@example.com
u-287,José Miguel,Pereira,F,manuelalima@example.com
u-801,Caio,Moreira,F,wpires@example.com
u-370,Alice,Camargo,F,vasconcelosraquel@example.com
u-479,Marcos Vinicius,Duarte,M,frios@example.org
u-189,Henrique,Silva,F,beatrizcamargo@example.net
u-533,Clarice,Peixoto,M,joao-guilhermemelo@example.com
u-442,Isabelly,Caldeira,M,camposleo@example.com
u-498,Emanuel,Araújo,F,vitor-gabriel59@example.org
u-167,Olivia,Alves,F,carvalhoian@example.org
u-315,Clarice,Costa,M,da-cruzigor@example.net
u-500,Emilly,Novaes,F,theo83@example.net
u-311,Vinicius,Peixoto,M,sofia78@example.org
u-841,Bella,Alves,M,siqueiraryan@example.com
u-969,Oliver,da Cruz,F,costalorenzo@example.com
u-812,Ana Sophia,Peixoto,M,eduardoguerra@example.org
u-721,Maria Luísa,Barros,M,augusto75@example.com
u-858,Emanuelly,da Cruz,F,bleao@example.org
u-332,Kamilly,Macedo,M,maya10@example.org
u-733,Luiz Henrique,Sampaio,F,gaelteixeira@example.com
u-520,Maria Júlia,Duarte,M,oliver91@example.net
u-420,Stella,Rios,M,camarasamuel@example.org
u-325,Daniela,Cassiano,M,qsilva@example.org
u-821,Bruna,Duarte,M,fonsecaana-julia@example.net
u-116,Olívia,Lima,M,vitoriaferreira@example.org
u-674,Gabriela,Jesus,F,peixotomilena@example.net
u-728,Caroline,Peixoto,F,da-rosagustavo@example.org
u-308,Luigi,Aragão,F,qda-conceicao@example.com
u-673,Bryan,Siqueira,F,piresjulia@example.org
u-734,Laís,da Conceição,F,jose18@example.net
u-684,Ravi,Castro,F,mariah14@example.com
u-323,Arthur Gabriel,Montenegro,F,ana-julia63@example.com
u-860,Thales,Cirino,F,bcasa-grande@example.net
u-334,Cauê,Pires,M,joao-miguel20@example.net
u-235,Luana,Nunes,F,larissa20@example.com
u-139,Caroline,Porto,M,pimentaallana@example.net
u-437,João Felipe,Costela,F,kevincassiano@example.com
u-507,Larissa,Aparecida,F,rgarcia@example.org
u-508,Carlos Eduardo,Garcia,M,theo93@example.com
u-598,Arthur Gabriel,Campos,F,gustavo-henriquenogueira@example.com
u-304,Luara,Souza,M,icavalcante@example.net
u-506,Eloah,da Mata,F,bento66@example.com
u-578,Diego,Alves,F,vsa@example.org
u-335,Rael,Oliveira,F,otaviomoraes@example.org
u-640,Vitor,Borges,F,ymoraes@example.net
u-120,Caroline,Mendonça,F,maria-sophia98@example.org
u-503,Yago,Rios,M,pimentacalebe@example.net
u-989,Isis,Silva,M,luiz-miguel69@example.com
u-361,Agatha,da Mata,F,vargasjose@example.net
u-934,Benjamin,Rocha,M,enzo-gabrielcavalcante@example.net
u-062,Juan,Abreu,F,raquelda-mota@example.org
u-058,Melina,Porto,M,diasvinicius@example.net
u-148,Ana Cecília,Jesus,M,henrique16@example.net
u-181,Maitê,Camargo,M,casa-grandececilia@example.net
u-546,Yan,Nunes,F,alana98@example.net
u-475,Helena,da Luz,F,rpastor@example.net
u-932,Maria Flor,Novaes,M,luiz-otaviocasa-grande@example.com
u-535,Yasmin,Abreu,F,britomanuella@example.org
u-701,Bella,da Mata,M,rodrigo50@example.com
u-917,Pedro Miguel,Mendes,F,isabelly78@example.net
u-714,Luana,Macedo,M,cmelo@example.com
u-052,Anthony Gabriel,Martins,M,martinsjoana@example.net
u-623,Pietra,Macedo,M,emanuelramos@example.com
u-708,Danilo,Cardoso,F,uda-mota@example.org
u-918,Otávio,Costela,F,mcaldeira@example.org
u-069,João Vitor,das Neves,M,ssousa@example.net
u-780,André,Nogueira,F,zsantos@example.org
u-474,Kamilly,Silveira,F,das-nevesyasmin@example.org
u-222,Davi Luiz,Pinto,F,marcelojesus@example.org
u-054,Ana Luiza,Mendonça,F,cassianoana-liz@example.org
u-699,Luara,da Cruz,F,brunoramos@example.net
u-060,Ryan,Camargo,F,rezendebruna@example.org
u-432,André,Moraes,M,znovaes@example.net
u-716,Elisa,Castro,F,maria-liz02@example.org
u-055,Luigi,Viana,F,santosemilly@example.net
u-949,João Gabriel,Lima,F,qsantos@example.net
u-973,Gustavo Henrique,Montenegro,M,mariana41@example.net
u-548,Lavínia,Macedo,F,lmartins@example.com
u-574,Heloísa,Moura,M,tduarte@example.org
u-616,Lucca,Nunes,F,mmendes@example.org
u-651,Renan,Duarte,M,rafaelmacedo@example.com
u-480,Agatha,da Paz,M,balves@example.com
u-167,Olívia,das Neves,F,gustavo-henrique11@example.com
u-040,Calebe,Cunha,F,nicoleda-conceicao@example.com
u-803,Emilly,Garcia,M,macedomanuela@example.net
u-225,Agatha,Dias,M,gabrielda-luz@example.org
u-472,Brenda,Almeida,F,bpereira@example.net
u-757,Cecilia,Correia,F,livia04@example.net
u-061,Vitor,Mendonça,M,fonsecaaylla@example.org
u-314,Mirella,Pimenta,M,bernardonogueira@example.org
u-742,Isabel,Cardoso,M,yan95@example.com
u-837,Nicole,da Rocha,F,alexandrepereira@example.org
u-606,Davi,Caldeira,M,vasconcelossophia@example.net
u-861,Helena,Costa,F,joao-miguel02@example.com
u-117,Bianca,Freitas,F,ada-cruz@example.com
u-060,Marina,Fonseca,F,wda-rocha@example.com
u-961,João Lucas,Oliveira,M,eduardo03@example.org
u-856,Maria Julia,Nascimento,F,elisa59@example.com
u-851,Cauã,Borges,F,da-luzguilherme@example.net
u-073,Lunna,Gomes,M,dleao@example.com
u-754,Bento,Silveira,M,rlima@example.com
u-518,João Guilherme,Cardoso,F,da-conceicaojose-pedro@example.org
u-314,Danilo,Araújo,F,jpereira@example.com
u-802,Evelyn,da Paz,M,daniela66@example.com
u-642,Davi Lucas,Pinto,F,davi-lucascardoso@example.org
u-298,Maria Júlia,Marques,M,da-cunhabrenda@example.org
u-684,Davi Lucas,Gonçalves,F,gomesmaria-laura@example.net
u-719,Sophie,Melo,F,matteo85@example.com
u-518,Kaique,Santos,M,ravy08@example.com
u-761,Lucas Gabriel,Nunes,F,pachecoluiz-felipe@example.org
u-009,Valentim,Cirino,F,tsouza@example.com
u-683,Yan,Santos,F,pietro81@example.com
u-817,Ísis,Castro,M,marceloalbuquerque@example.com
u-202,Felipe,Santos,M,hmendes@example.net
u-432,Davi Lucas,Pires,F,pachecoeduarda@example.com
u-292,Maria,Carvalho,M,emanuelpeixoto@example.com
u-250,Henry Gabriel,Almeida,F,gustavo73@example.com
u-539,Levi,Pinto,F,zgomes@example.org
u-475,Milena,Aparecida,F,luisa63@example.com
u-799,Luiz Fernando,Vargas,M,correiavitor-gabriel@example.org
u-392,Erick,Sousa,M,oda-paz@example.net
u-420,Samuel,da Rocha,M,asafelopes@example.net
u-496,Dom,da Cruz,F,gpinto@example.com
u-975,Stella,Novais,M,jose-pedro71@example.net
u-718,Vitor Hugo,Peixoto,F,vitoriacunha@example.net
u-634,Igor,Peixoto,F,vitoriapinto@example.org
u-760,Isaque,Gomes,F,bianca99@example.net
u-906,Pedro,Ribeiro,F,wmendonca@example.com
u-829,Maria Laura,Andrade,M,biancada-cunha@example.org
u-244,Hellena,Gonçalves,M,ryansiqueira@example.org
u-099,Eloá,Pinto,F,emendonca@example.org
u-053,Alícia,Pires,M,qda-conceicao@example.com
u-699,Léo,Gonçalves,F,gomeslevi@example.org
u-576,Dom,Pinto,F,ottoduarte@example.org
u-419,Anthony Gabriel,Casa Grande,F,livia39@example.org
u-915,Yuri,Siqueira,M,fbarbosa@example.net
u-435,Stephany,Carvalho,M,joao-miguelmoraes@example.org
u-627,Milena,Ramos,M,joaoda-costa@example.net
u-013,Valentina,Sousa,F,thiagoalbuquerque@example.com
u-688,Clarice,Pinto,M,cavalcantemaria-fernanda@example.net
u-789,José Pedro,Abreu,M,emarques@example.com
u-453,Ana Carolina,Fogaça,M,ycastro@example.org
u-210,Lucca,Nogueira,M,otto13@example.org
u-169,Sophie,Macedo,M,ana-vitoria26@example.org
u-961,Isabelly,Costela,M,gabrielaporto@example.net
u-154,Stella,Gomes,F,vasconcelosmarina@example.org
u-344,Felipe,Sousa,M,vcampos@example.org
u-556,Yasmin,Silva,F,yan02@example.org
u-007,Mariah,Campos,F,emanuel56@example.org
u-201,Maria Helena,Pinto,M,theo36@example.com
u-042,Davi Luiz,da Mata,M,camila14@example.org
u-892,Bruna,Brito,F,gabriellyda-rocha@example.net
u-156,Sara,Cardoso,F,lgomes@example.com
u-818,Isaac,Pimenta,M,catarinasousa@example.com
u-282,Ana Julia,Macedo,M,zoecamargo@example.net
u-690,Isaque,Costela,M,tfreitas@example.net
u-654,João Pedro,Moraes,M,da-pazluara@example.org
u-591,Hellena,Martins,M,bcarvalho@example.org
u-048,Esther,Brito,M,erick17@example.net
u-147,Hadassa,Silva,F,mourabernardo@example.org
u-277,Marcos Vinicius,Novaes,F,brayan38@example.net
u-352,Emanuelly,Pereira,F,ylopes@example.net
u-604,Nathan,Nunes,M,correiadante@example.net
u-617,Antônio,Fernandes,F,pachecoemanuelly@example.com
u-700,Pedro Miguel,Araújo,M,fernanda42@example.com
u-126,Alexandre,Câmara,M,mateus71@example.net
u-635,Ana Liz,Cardoso,F,apolloaparecida@example.com
u-469,Ana Júlia,Martins,F,faraujo@example.org
u-242,Amanda,da Rosa,M,agathada-rosa@example.com
u-161,Laura,Almeida,M,kviana@example.net
u-032,Enzo,Abreu,M,maria-clara84@example.net
u-342,Nathan,da Rocha,M,ana-juliamendes@example.net
u-446,Felipe,Martins,F,cavalcantemaria-alice@example.org
u-964,Laura,Sá,M,jesusbruna@example.org
u-412,Dom,Macedo,F,bernardocassiano@example.com
u-763,Vitor Gabriel,Melo,F,cavalcanteaylla@example.net
u-885,Ana Lívia,Aparecida,F,allana16@example.com
u-826,Milena,Silva,F,tfogaca@example.net
u-920,Mathias,Albuquerque,F,mirella08@example.com
u-855,Ryan,Novais,M,emilly92@example.org
u-052,Raul,Costa,M,msantos@example.com
u-162,José Pedro,Fogaça,M,davi-lucas63@example.org
u-462,Rebeca,Cardoso,F,yasmincardoso@example.org
u-314,Isabel,Carvalho,M,ferreiraravy@example.net
u-729,Stella,Pimenta,F,yasminnogueira@example.org
u-907,Ana Luiza,Moreira,M,wcardoso@example.com
u-668,Isis,Freitas,F,ncunha@example.com
u-307,Bryan,Gonçalves,F,pastoragatha@example.com
u-896,Caroline,Jesus,F,evelyn14@example.com
u-201,Otto,Pires,F,lunna05@example.org
u-820,Apollo,Farias,M,isisda-cunha@example.net
u-288,Maria Fernanda,Cavalcante,M,juanlima@example.net
u-010,Ana Luiza,Carvalho,F,lcorreia@example.com
u-618,Rafael,Correia,M,carolinecaldeira@example.com
u-584,Lívia,Silva,F,nunesmariana@example.com
u-344,Maria Cecília,Vasconcelos,F,ncostela@example.net
u-769,Dom,Câmara,F,pedro-henrique41@example.org
u-461,Vitor Hugo,Farias,F,ppeixoto@example.org
u-086,Gustavo,da Mata,M,mendoncarael@example.org
u-435,Maria Flor,Ferreira,F,carlos-eduardo72@example.com
u-450,Luan,da Paz,F,da-conceicaodavi-miguel@example.com
u-092,Enzo,Leão,F,hadassa54@example.net
u-082,Bernardo,Moraes,M,esther68@example.org
u-253,Gael,Nascimento,F,gomesjose-miguel@example.com
u-805,Pietra,Garcia,M,ferreirajulia@example.net
u-987,Maitê,Montenegro,F,raulmendonca@example.org
u-877,Davi,Abreu,F,costelabryan@example.com
u-622,Raquel,Pastor,F,joao-felipe29@example.net
u-919,Pedro Lucas,da Costa,M,dnovaes@example.com
u-910,Maria Luísa,Caldeira,M,heloisa49@example.net
u-311,Beatriz,Macedo,F,joao-vitor44@example.net
u-234,Diogo,Lima,F,wfreitas@example.net
u-983,Gabriela,da Cunha,F,usa@example.com
u-659,Maria Eduarda,da Conceição,M,joao-gabriel33@example.org
u-511,Alexia,das Neves,F,pimentaana-julia@example.com
u-722,Luigi,Nascimento,F,costadavi-luiz@example.org
u-854,Bruna,Rios,M,rezendematheus@example.org
u-159,Fernando,Camargo,M,ecostela@example.org
u-805,Luiz Felipe,Freitas,F,da-pazbruno@example.org
u-850,Benjamim,Oliveira,F,isabela89@example.com
u-010,Vinícius,Vasconcelos,M,ana-laura56@example.net
u-356,Rebeca,Ramos,F,andre75@example.org
u-675,Mariah,Gonçalves,M,leandro70@example.com
u-609,Laura,da Rocha,F,nascimentogael-henrique@example.net
u-272,Raquel,Costela,F,ssantos@example.net
u-312,Allana,Novaes,F,zcamara@example.org
u-209,Eduarda,Campos,M,aurora24@example.org
u-347,Maria Eduarda,Castro,F,maria-juliabarbosa@example.org
u-013,Fernando,Cunha,F,joaquimrodrigues@example.org
u-472,Enrico,Moraes,M,hfarias@example.org
u-847,Emanuella,da Mota,F,joao-miguelmontenegro@example.net
u-227,Helena,Viana,F,xpimenta@example.net
u-259,Henrique,Albuquerque,F,aazevedo@example.net
u-658,Mateus,Mendes,M,bernardo24@example.org
u-611,Ana Clara,Rocha,F,marquessophia@example.net
u-215,Liam,Aparecida,M,antonellaribeiro@example.org
u-978,Yan,Pinto,F,zoliveira@example.org
u-228,Daniela,Sá,F,enrico79@example.org
u-564,Ana Laura,Fonseca,F,ianda-mata@example.com
u-055,Bárbara,Rios,F,marinapimenta@example.com
u-529,Raul,Costela,F,anapereira@example.org
u-147,Luan,Cardoso,M,imarques@example.com
u-736,Maria Laura,Silva,M,bruna42@example.net
u-290,Luiz Henrique,Costela,F,davi-lucca62@example.com
u-483,Davi Luiz,Machado,F,stephany96@example.org
u-852,Davi Lucca,Melo,M,liz55@example.org
u-051,Cecília,Carvalho,M,lorena75@example.net
u-565,Murilo,Macedo,M,danilo47@example.com
u-434,Emanuel,Ferreira,M,rramos@example.org
u-603,Carolina,Correia,M,dnunes@example.com
u-221,Bárbara,Abreu,F,carolinaalves@example.org
u-157,Isabela,Ribeiro,M,joao-guilherme82@example.com
u-964,Fernando,Oliveira,M,joao-vitorcostela@example.com
u-457,Joaquim,Gonçalves,M,joanafonseca@example.net
u-446,Vitor,Marques,F,davi-luizpeixoto@example.net
u-468,Bruna,Teixeira,F,hmachado@example.net
u-224,Clarice,da Paz,M,yagosousa@example.org
u-820,Kaique,Macedo,F,mnunes@example.org
u-313,Manuela,Fonseca,F,isisvargas@example.net
u-026,Thales,Rezende,F,fernandapires@example.com
u-660,Eloah,Novais,M,raul39@example.org
u-048,Felipe,Guerra,M,ribeirohelena@example.net
u-900,Isaque,Cassiano,M,brayan22@example.net
u-352,Erick,Santos,F,britoallana@example.org
u-741,Ana Carolina,Porto,F,mouraliam@example.com
u-335,Benicio,da Mota,F,vianamanuella@example.com
u-897,Maria,Moura,M,theo10@example.org
u-154,Yasmin,Cirino,M,felipe71@example.net
u-999,Diego,Moreira,F,henry-gabriel82@example.com
u-296,Rebeca,Caldeira,M,alvesana-livia@example.net
u-611,Ana Carolina,Sampaio,F,alexandrepacheco@example.org
u-612,Arthur Gabriel,Vasconcelos,M,luanacaldeira@example.org
u-933,Helena,Silva,F,costelazoe@example.com
u-919,Ana Julia,Porto,M,souzanicolas@example.org
u-883,Cauê,Novais,F,isis36@example.net
u-748,Marina,Siqueira,F,melinaazevedo@example.org
u-559,Juan,Costela,F,marianesiqueira@example.org
u-821,Valentim,Almeida,M,henrique56@example.com
u-181,Maria,Barbosa,M,calebearaujo@example.net
u-018,Noah,Sousa,F,costapietro@example.net
u-247,Benício,Silva,F,ryanda-mota@example.org
u-554,Nicole,Cavalcante,F,bda-paz@example.net
u-338,Samuel,Barbosa,F,pachecoanthony-gabriel@example.net
u-619,Alexandre,Lima,F,emanuelnovais@example.org
u-026,Rael,Cavalcante,M,joao-miguel98@example.org
u-661,Larissa,Jesus,M,csilveira@example.net
u-619,Henrique,Sousa,M,sribeiro@example.net
u-167,Theo,Gonçalves,F,rsilveira@example.org
u-349,Giovanna,Monteiro,M,garciajoao@example.org
u-915,José Pedro,Siqueira,F,enzo-gabrielrios@example.net
u-810,João Miguel,Rios,F,teixeiraisabela@example.org
u-653,Giovanna,Monteiro,M,piresluiz-fernando@example.com
u-708,Ravy,Nogueira,M,amanda29@example.net
u-447,Catarina,Carvalho,F,gfarias@example.net
u-736,Lorenzo,da Mota,M,murilo66@example.net
u-532,Nathan,da Cruz,M,maria-julia80@example.org
u-026,Nina,Monteiro,F,cfreitas@example.net
u-494,Ryan,da Rosa,M,peixotoeloah@example.com
u-805,Ana Laura,Vieira,F,omoraes@example.org
u-289,Isadora,Freitas,F,gcosta@example.net
u-304,Antony,Ribeiro,M,eloah72@example.org
u-681,Yan,Nascimento,F,cmendonca@example.org
u-354,Júlia,Aparecida,F,ybrito@example.net
u-138,Gustavo Henrique,Machado,F,kcirino@example.net
u-681,Diogo,Ferreira,F,moraestheodoro@example.org
u-188,Lívia,da Costa,F,caleberamos@example.net
u-748,Bernardo,Monteiro,M,milenapires@example.org
u-480,Maria Júlia,Sousa,M,fbarbosa@example.org
u-776,Augusto,da Paz,M,gsilveira@example.com
u-935,Alexandre,Pacheco,M,ryanfarias@example.com
u-029,Maria Sophia,Carvalho,M,montenegrovitoria@example.org
u-694,Theo,Barros,M,fonsecastella@example.com
u-490,João Pedro,Santos,F,vsiqueira@example.org
u-541,Davi Miguel,Alves,F,caua86@example.com
u-422,Gael Henrique,Nogueira,M,rezendedanilo@example.net
u-042,Heitor,Azevedo,F,joao-miguel29@example.org
u-713,Ana,Aparecida,F,allana51@example.org
u-672,Theodoro,Nascimento,F,duartetheo@example.org
u-075,Noah,Porto,F,peixotodanilo@example.org
u-102,Gael,Lopes,F,fogacaalana@example.com
u-100,Maria Helena,Caldeira,M,vmendes@example.net
u-759,Diego,Azevedo,F,qrocha@example.net
u-782,Cecilia,Novaes,M,antoniosilveira@example.net
u-673,Caio,Rezende,M,andreramos@example.org
u-935,João Pedro,da Rosa,F,nogueiraisabel@example.com
u-995,Pietra,Mendonça,M,lcarvalho@example.com
u-535,Alice,Guerra,M,rochagabrielly@example.com
u-748,Benjamin,Macedo,F,benicioaparecida@example.com
u-425,Esther,Nunes,M,raul54@example.net
u-594,Bianca,Jesus,M,pcosta@example.net
u-705,Isabelly,Barbosa,F,joaoteixeira@example.org
u-887,Léo,da Rosa,F,matheusfogaca@example.org
u-621,Antônio,Cardoso,F,pachecojoao-guilherme@example.net
u-121,Ester,Sales,F,kmoraes@example.org
u-020,Clarice,da Paz,M,benjamin91@example.net
u-544,Henrique,Machado,F,uda-cruz@example.org
u-381,Brayan,Silva,M,castrodavi-lucca@example.org
u-351,Pietra,Fonseca,M,guerragabriela@example.net
u-665,Bárbara,Teixeira,M,tmendonca@example.com
u-450,Daniel,Barros,M,yagocavalcanti@example.com
u-997,Dom,Rios,M,bda-mota@example.org
u-578,Kaique,Sá,F,diogoda-rosa@example.net
u-945,Gabrielly,da Cunha,M,matheus63@example.org
u-468,Alexia,Carvalho,M,isaacpimenta@example.net
u-216,Alana,Jesus,M,enovais@example.org
u-164,Otávio,Vieira,F,lorenzomachado@example.net
u-812,Ana Beatriz,Moreira,F,bella07@example.org
u-223,Rhavi,Castro,M,anascimento@example.org
u-347,Davi Lucca,Machado,M,valentinavasconcelos@example.net
u-308,Ágatha,Teixeira,F,asafeda-mata@example.net
u-944,Davi Luiz,Duarte,M,gabriel55@example.org
u-805,Isaque,Farias,M,cirinofernanda@example.com
u-287,Emanuella,Lima,M,garciaalice@example.com
u-601,Amanda,Santos,M,milena23@example.com
u-981,Arthur Gabriel,Caldeira,M,vasconcelosfelipe@example.net
u-203,Maria Luiza,Farias,M,pgomes@example.com
u-507,João Felipe,Martins,F,jborges@example.com
u-923,Clara,Alves,M,benicio39@example.com
u-127,Mariah,Pires,F,qsampaio@example.org
u-532,Pietro,Costela,F,ppeixoto@example.org
u-913,Paulo,Pires,F,rodrigo90@example.org
u-300,Maria Isis,Rezende,F,rda-cunha@example.org
u-557,Maria Sophia,Siqueira,F,alvesheitor@example.org
u-063,Thomas,Casa Grande,M,isisbrito@example.org
u-066,Julia,Melo,F,sousamaria-luisa@example.com
u-242,Lorena,Moreira,F,joaoazevedo@example.com
u-886,Jade,da Cunha,M,manuela43@example.com
u-549,Dom,Caldeira,F,snunes@example.net
u-610,Anthony Gabriel,Duarte,F,gmarques@example.net
u-470,Liam,Caldeira,M,marcos-vinicius39@example.com
u-903,Lavínia,Correia,F,gda-cruz@example.com
u-800,Cecília,Camargo,M,ester61@example.org
u-123,Luiz Felipe,Sales,F,caue99@example.com
u-991,Renan,Cunha,M,joao-guilhermemarques@example.com
u-699,Pietro,Freitas,F,cda-mota@example.com
u-088,Isabelly,Oliveira,F,pietromoreira@example.org
u-021,Benício,Pereira,F,moraeselisa@example.net
u-414,Olívia,Silveira,M,peixotoluigi@example.com
u-037,Maria Fernanda,Castro,F,davi-lucas44@example.net
u-633,Cecília,Sá,F,lorenzogomes@example.org
u-546,Marcelo,Farias,M,jbarbosa@example.org
u-835,Maitê,Farias,M,oporto@example.org
u-352,Isadora,Aragão,M,ipereira@example.com
u-265,Sofia,Siqueira,F,souzaleonardo@example.com
u-949,Fernando,Lima,M,siqueiramaite@example.net
u-129,Eduardo,Mendes,F,anthony-gabrielmarques@example.org
u-949,Evelyn,Barbosa,F,sousasarah@example.com
u-754,Raul,da Cunha,M,ryanteixeira@example.com
u-410,Ana Liz,Mendonça,M,marinada-cunha@example.com
u-728,Hellena,Freitas,M,caldeiravitor-gabriel@example.com
u-214,Olívia,Cunha,M,ana-luizapires@example.com
u-496,Bruna,Casa Grande,F,anna-lizmarques@example.net
u-609,Jade,da Mata,F,das-nevesjoao@example.net
u-532,Ravy,Oliveira,F,caroline39@example.net
u-984,Maitê,da Cunha,F,luisa77@example.org
u-139,Ana Cecília,Camargo,M,bribeiro@example.org
u-982,Maria,Fernandes,F,luiz-otavio85@example.com
u-232,João Pedro,Sousa,F,zandrade@example.com
u-637,Rodrigo,Vieira,M,beatrizandrade@example.net
u-283,Enzo,Rios,M,ibarros@example.com
u-856,Lavínia,Alves,M,hpires@example.net
u-339,Maria Laura,Gomes,M,teixeirasamuel@example.net
u-009,Bento,Ferreira,F,limafernanda@example.net
u-891,Maria Fernanda,Pacheco,M,pedro-miguelpimenta@example.com
u-118,Joaquim,Barbosa,M,thales03@example.org
u-041,Lucas Gabriel,Cassiano,M,luigi91@example.com
u-284,Isabela,Pastor,F,clarice26@example.org
u-640,Alexandre,Azevedo,F,dferreira@example.net
u-416,Melina,Lima,M,otavio04@example.net
u-710,João Gabriel,Viana,F,araujoluna@example.net
u-831,Arthur,Pires,M,jbarros@example.org
u-435,Marcos Vinicius,Brito,F,nogueirarebeca@example.org
u-513,Maria Cecília,Sales,F,pietromoraes@example.net
u-840,Gabriel,Gonçalves,F,francisco96@example.org
u-114,Vicente,Silveira,F,bda-cunha@example.org
u-848,João Miguel,Sá,M,nathan35@example.com
u-523,Catarina,Ribeiro,F,luiz-henrique83@example.net
u-561,Léo,Rocha,F,fonsecavitor@example.org
u-232,Isaac,da Luz,F,sabrina91@example.com
u-447,Ana Cecília,Campos,M,ana-sophiacamara@example.com
u-470,Emanuelly,Mendonça,M,maria-fernanda15@example.org
u-614,Davi Lucas,Cirino,F,imelo@example.org
u-458,Raul,Pimenta,F,vianaheitor@example.com
u-682,Alexia,da Mata,M,marcelaribeiro@example.org
u-060,Ravi Lucca,Rodrigues,M,carvalhojoana@example.net
u-256,Lorena,da Conceição,M,pastoraurora@example.org
u-097,Henrique,Cardoso,F,nascimentonina@example.com
u-651,Luara,Camargo,M,isadoranascimento@example.net
u-788,Erick,Nogueira,M,paulocorreia@example.org
u-190,Enzo Gabriel,Andrade,M,joao-vitorcarvalho@example.org
u-793,Vitória,Araújo,F,ana-vitoria91@example.com
u-603,Diego,Moura,M,danielmendes@example.com
u-107,Luísa,Garcia,F,maria-alicebarros@example.net
u-161,Ian,Pastor,F,benjamimcamara@example.com
u-356,Esther,Castro,M,piresenrico@example.net
u-887,Paulo,Camargo,F,dcardoso@example.com
u-218,Antônio,Viana,F,hadassabarbosa@example.org
u-934,Ayla,Araújo,M,ssilveira@example.net
u-874,Marina,da Rocha,F,oliveiraluigi@example.org
u-412,Alexandre,das Neves,F,vsousa@example.com
u-823,Yan,Dias,F,vitor-gabriel27@example.com
u-112,Aurora,Oliveira,F,theorios@example.net
u-765,Ana Carolina,Sousa,M,palbuquerque@example.com
u-782,Esther,Rios,M,gda-mota@example.org
u-165,Maria Helena,Duarte,M,benjamimda-paz@example.com
u-506,Vinícius,Farias,M,mirella89@example.net
u-579,Hellena,Cassiano,F,bentomarques@example.org
u-902,Vitor Hugo,Montenegro,F,casa-grandehelena@example.net
u-907,Beatriz,Nascimento,M,saana-vitoria@example.com
u-068,Arthur Gabriel,Macedo,F,novaissofia@example.org
u-343,Sabrina,Mendes,M,benicio60@example.org
u-783,Fernando,Siqueira,F,eloa35@example.org
u-527,Luísa,Silva,M,nda-mota@example.org
u-921,Ana Júlia,Aragão,M,xda-paz@example.com
u-213,Kaique,Araújo,F,davi-miguel73@example.org
u-485,Emilly,Ramos,M,ana-beatriz89@example.com
u-580,Anthony,Machado,F,larissamendonca@example.org
u-683,João Pedro,Barbosa,F,joao-felipe36@example.com
u-819,Esther,Rocha,F,pietrorodrigues@example.net
u-980,Davi Lucca,Leão,M,bruna13@example.net
u-114,Eloá,Cavalcanti,M,lfonseca@example.com
u-359,João Felipe,Gomes,M,moreiramaysa@example.com
u-723,Mariah,Rodrigues,F,azevedopedro-henrique@example.com
u-989,Marcelo,Dias,F,joao-gabriel52@example.net
u-592,Dante,Santos,F,casa-grandestella@example.com
u-927,Raquel,Caldeira,F,arthurbrito@example.net
u-945,Kaique,da Luz,F,monteiropedro-lucas@example.net
u-980,Isabella,Campos,F,vitor-hugo38@example.com
u-978,Leonardo,Moura,F,raquel52@example.net
u-169,Ana Carolina,Pimenta,F,barrosfernando@example.org
u-627,Murilo,Machado,F,joao-felipe59@example.net
u-628,Maya,Castro,M,cunhamelissa@example.org
u-056,Miguel,Pacheco,M,alvesdaniela@example.com
u-885,Juan,Garcia,M,maria-vitoria98@example.com
u-239,Diogo,Cavalcante,F,ucaldeira@example.net
u-990,Cauê,Sá,F,icasa-grande@example.org
u-578,Melissa,da Paz,M,nunesmaria-isis@example.com
u-874,Catarina,Vasconcelos,F,xda-mata@example.net
u-874,José,Montenegro,F,fonsecadaniel@example.org
u-490,Vitor,Aragão,M,rafael92@example.com
u-998,Ana Lívia,Abreu,M,luan57@example.com
u-079,Pietro,Monteiro,M,gmendonca@example.org
u-995,Isis,Cunha,F,sousajose-pedro@example.net
u-449,Arthur Miguel,da Costa,F,nazevedo@example.com
u-464,Elisa,Pacheco,M,npacheco@example.com
u-219,Anthony,da Rocha,M,augustocorreia@example.net
u-981,Carlos Eduardo,Borges,M,maria-fernanda00@example.net
u-130,João Gabriel,Cardoso,M,jaragao@example.net
u-072,Isabel,Nogueira,F,ana-clara42@example.org
u-418,Juan,Novaes,M,isisrodrigues@example.net
u-720,Sophie,Nunes,M,caua59@example.org
u-245,Cecilia,Santos,F,siqueirabrayan@example.org
u-517,Matteo,Cardoso,M,britolucas-gabriel@example.com
u-899,Ana Vitória,Andrade,F,tborges@example.com
u-025,Ana Laura,Correia,M,camaraantonella@example.com
u-111,Julia,da Mota,F,enzo-gabriel46@example.org
u-859,Antonella,Pimenta,M,goncalvespedro@example.net
u-013,Fernanda,da Rocha,M,thomas90@example.net
u-973,Maitê,Alves,F,alexiamoreira@example.com
u-543,Elisa,Camargo,F,sarahfernandes@example.net
u-445,Maria Cecília,Viana,F,aragaolunna@example.net
u-536,Maria Julia,Melo,M,gfarias@example.org
u-467,Ana Lívia,Vieira,F,gabriellygoncalves@example.net
u-114,Mathias,da Conceição,F,antony70@example.com
u-318,Matteo,Pacheco,M,danilo76@example.com
u-801,Heloisa,Pastor,M,gabriel84@example.net
u-262,Ester,Barros,M,joao-miguel84@example.com
u-652,Pedro,Sá,M,thales13@example.net
u-589,Théo,Pires,F,andrademaria-luisa@example.net
u-311,Kevin,Souza,F,brayansouza@example.net
u-781,Gustavo,Duarte,M,zda-mata@example.org
u-228,Benjamim,Souza,F,caleb25@example.com
u-658,Enzo Gabriel,Cassiano,F,tda-rocha@example.org
u-746,Caio,Siqueira,M,antonio93@example.org
u-360,Levi,Machado,F,esilva@example.net
u-333,Vinicius,Souza,F,olivia46@example.org
u-389,Eduarda,Brito,M,da-rosavalentim@example.com
u-558,Maria Julia,Aparecida,M,vsousa@example.com
u-523,Rodrigo,Viana,M,cporto@example.org
u-821,Allana,Gonçalves,M,raviborges@example.net
u-561,Maria Júlia,Dias,M,wcavalcante@example.org
u-325,Theo,Montenegro,F,moraeseloa@example.org
u-578,Ísis,Freitas,F,wcamara@example.net
u-642,Gabrielly,Cavalcanti,F,araujonina@example.org
u-127,Thomas,Cavalcanti,F,da-conceicaoisaac@example.net
u-744,Luna,Ferreira,F,fernandeserick@example.com
u-158,Gael Henrique,Guerra,M,montenegropietro@example.org
u-520,Murilo,Araújo,M,miguel10@example.net
u-583,Davi Luiz,Campos,F,sribeiro@example.com
u-328,Fernanda,Fogaça,M,beatriz18@example.net
u-365,Mariah,Porto,M,miguelabreu@example.com
u-647,Yan,Ferreira,F,yagomendes@example.com
u-907,Maria Julia,Câmara,F,fernandosales@example.org
u-454,Maria Helena,da Rosa,F,mathiassousa@example.com
u-249,Luigi,Barros,F,brayan43@example.com
u-150,Cauã,Rios,F,pedro-miguel72@example.org
u-733,Arthur Miguel,Monteiro,M,luarada-paz@example.org
u-577,Rafaela,Silveira,F,uferreira@example.org
u-492,José Miguel,Garcia,F,asafebrito@example.org
u-065,Ana Lívia,Silveira,F,yuriribeiro@example.com
u-152,Mathias,Mendonça,M,xsiqueira@example.org
u-912,Gustavo,Nogueira,M,natalia90@example.org
u-500,Bárbara,Cassiano,F,hellena35@example.net
u-609,Kevin,Sampaio,F,joaquimfernandes@example.com
u-327,Yuri,da Cruz,M,lucas-gabrielguerra@example.net
u-653,Olívia,Sousa,M,dnovais@example.org
u-774,Benjamin,Monteiro,F,alvesdavi@example.com
u-918,Lorenzo,Mendes,F,rezendeluna@example.net
u-880,André,Moreira,F,costelamariane@example.net
u-381,Vitória,Mendonça,F,luiz-felipealmeida@example.org
u-574,Josué,Gonçalves,M,prios@example.org
u-114,Murilo,Garcia,F,franciscoda-rocha@example.com
u-746,Leonardo,Nunes,M,mvieira@example.net
u-592,Manuela,Fonseca,M,augustocamara@example.org
u-109,Gael Henrique,Brito,F,joaquim94@example.net
u-748,Danilo,da Paz,M,camaraluiz-henrique@example.net
u-076,Lívia,Ramos,M,marinacarvalho@example.com
u-107,Brenda,Peixoto,F,moraeslais@example.net
u-554,Maysa,da Rosa,M,larissamontenegro@example.com
u-102,Enzo Gabriel,Pires,F,britomarina@example.org
u-677,Marina,Andrade,F,luizamendonca@example.net
u-601,Raul,Mendonça,M,paulonogueira@example.net
u-276,Brayan,das Neves,M,maria-alicemoraes@example.org
u-319,Brayan,Jesus,M,gaparecida@example.net
u-923,Mathias,Montenegro,F,luizaporto@example.net
u-549,Antônio,Cavalcanti,M,moreiravinicius@example.net
u-121,Pietra,Castro,M,mateus54@example.net
u-394,Julia,Freitas,F,liammontenegro@example.net
u-443,Theodoro,Pastor,F,sophiamoreira@example.com
u-021,João Vitor,Montenegro,F,anthony69@example.net
u-659,Joana,Montenegro,F,anna-liz68@example.net
u-486,Maria Flor,Azevedo,F,da-cruzjulia@example.org
u-956,Otto,Pires,F,da-cunhaluiz-henrique@example.com
u-090,João Miguel,Novais,M,vmonteiro@example.com
u-183,Ana Lívia,da Mota,M,mpimenta@example.org
u-024,Antony,Ribeiro,M,vfernandes@example.com
u-183,Olívia,da Paz,F,daniela23@example.org
u-573,Danilo,Câmara,F,livia64@example.org
u-488,Pietra,Silveira,M,vianalorena@example.net
u-297,Manuela,Cavalcante,M,isadorapinto@example.org
u-633,Bella,Fonseca,F,isismendes@example.com
u-800,Giovanna,Machado,F,dmoreira@example.org
u-399,Otávio,Novais,F,bpacheco@example.com
u-521,Isabel,da Cunha,M,miguel39@example.net
u-544,Benicio,Sousa,F,maria-julia32@example.org
u-643,Camila,Siqueira,F,monteiroevelyn@example.net
u-959,Enzo,Azevedo,M,fguerra@example.com
u-355,Sophie,Câmara,M,vitoriada-cruz@example.com
u-908,Brayan,Cunha,F,matteomoraes@example.net
u-533,Zoe,Almeida,F,anthony34@example.com
u-573,Pietro,Freitas,F,zoe77@example.com
u-948,Luísa,Mendes,F,mariane36@example.net
u-319,Lucca,Freitas,F,abreujoao-felipe@example.net
u-991,Nicole,Macedo,M,scassiano@example.net
u-143,Maria Helena,Casa Grande,M,laviniamontenegro@example.org
u-948,Laura,Jesus,M,lnovais@example.net
u-976,Benjamin,Montenegro,M,anthony-gabriel76@example.org
u-648,Bernardo,Marques,F,davi-luizfarias@example.com
u-998,Theo,Sousa,F,agomes@example.com
u-058,Isaac,Aparecida,M,gustavo-henrique06@example.net
u-848,Rebeca,Pimenta,F,bferreira@example.net
u-118,Kevin,Vargas,M,emilly12@example.net
u-970,Vinícius,Pastor,F,stella32@example.org
u-225,Luiz Henrique,Machado,M,albuquerqueenrico@example.com
u-574,Luiz Miguel,Pimenta,F,lazevedo@example.net
u-027,Thales,Gonçalves,M,danielabarbosa@example.org
u-979,Giovanna,Nunes,M,allanaoliveira@example.net
u-629,José Pedro,Monteiro,F,hmoraes@example.net
u-089,Rodrigo,Guerra,M,joao-miguel83@example.org
u-759,Rael,Campos,F,diogo23@example.com
u-752,André,da Costa,M,gael44@example.org
u-477,Ana Luiza,Costela,M,olivercaldeira@example.net
u-285,Arthur Gabriel,Farias,F,diasmaria-luisa@example.net
u-669,Nathan,Fonseca,F,da-rosaclarice@example.org
u-334,João Miguel,Castro,F,isis57@example.com
u-316,Yasmin,Pinto,F,rafael18@example.net
u-378,Sofia,Casa Grande,M,benjamincosta@example.net
u-954,Maria Flor,da Rocha,M,garciaian@example.com
u-781,Kamilly,Ferreira,F,biancaazevedo@example.com
u-666,Cecilia,Jesus,M,da-luzeloah@example.com
u-358,Maria Luísa,Pastor,M,franciscomonteiro@example.org
u-927,Henry,Cardoso,M,melinacarvalho@example.org
u-466,Davi,Leão,F,enzo90@example.org
u-032,Leonardo,Guerra,F,sophie91@example.net
u-603,Ayla,Silva,F,ana-luizada-paz@example.com
u-192,Yan,Novais,F,mrocha@example.org
u-454,Zoe,Cirino,M,riosrebeca@example.com
u-232,Pietro,Castro,F,gustavo-henrique28@example.com
u-660,Mirella,Gomes,M,vleao@example.net
u-487,Breno,Borges,F,da-pazjose-miguel@example.com
u-874,Cauê,Viana,F,arthur-gabrielmendonca@example.net
u-762,Camila,Sousa,F,bmarques@example.org
u-738,Maria Laura,da Conceição,F,vitoriavargas@example.org
u-832,Luiz Fernando,Rocha,M,gsales@example.com
u-679,Manuela,Cunha,F,thomasmontenegro@example.org
u-466,Emanuel,Costela,F,giovannada-cruz@example.net
u-060,Luiz Henrique,Azevedo,M,isousa@example.org
u-224,Bella,Sales,M,matteo83@example.net
u-495,José Pedro,Cavalcanti,F,lucas-gabrielvargas@example.net
u-570,Luana,Gonçalves,M,guilherme03@example.org
u-504,Vinicius,Leão,M,ayllamachado@example.net
u-960,Arthur Miguel,Pimenta,F,cmoura@example.net
u-877,Maitê,Costela,F,ravi-lucca69@example.org
u-513,Lavínia,Teixeira,M,nda-costa@example.com
u-292,Isaque,Carvalho,M,casa-grandebella@example.org
u-909,Gabrielly,Macedo,F,emanuellafonseca@example.org
u-142,Manuela,Ribeiro,M,araujoeloah@example.org
u-416,Arthur Gabriel,Vieira,M,benjamimteixeira@example.org
u-993,Thales,Viana,M,vianaester@example.org
u-494,Luan,Cardoso,M,smachado@example.org
u-861,João Vitor,Pereira,M,aurora02@example.org
u-229,Marina,Castro,M,carvalhosophia@example.org
u-533,Cecilia,Sá,F,ravijesus@example.org
u-541,Olívia,Martins,F,machadoisadora@example.com
u-825,Olivia,Viana,F,gmarques@example.com
u-013,Lunna,Araújo,F,efogaca@example.net
u-736,Benicio,Camargo,F,fda-conceicao@example.com
u-044,André,Brito,F,xabreu@example.net
u-734,Gael,Moraes,M,abreuravi@example.org
u-459,Pedro Henrique,Campos,M,maria-clara81@example.org
u-293,Ana Lívia,Melo,F,stephanymoraes@example.net
u-967,Maria Alice,Duarte,M,ian79@example.net
u-511,Maria Luiza,Câmara,M,henry-gabrielrezende@example.net
u-395,Benjamim,Farias,M,mnovais@example.com
u-775,Nicolas,Silva,F,aragaogael@example.org
u-031,Isaque,Camargo,M,luara15@example.org
u-475,Antony,Vargas,F,jose-miguelmonteiro@example.com
u-239,Alexandre,das Neves,M,correiabella@example.org
u-602,Enzo,da Mota,M,silveiraana-carolina@example.org
u-657,Bella,Leão,F,ferreiralucas@example.org
u-941,Hellena,Cardoso,M,moreirakamilly@example.net
u-655,Miguel,da Paz,F,bernardo78@example.org
u-650,Davi,Gonçalves,M,jose-pedro44@example.org
u-298,Giovanna,Vasconcelos,M,pintofelipe@example.com
u-983,José Pedro,Caldeira,F,maysafernandes@example.net
u-828,Daniela,Pires,F,cardosojoao-pedro@example.org
u-753,Hellena,Novaes,M,sophia33@example.com
u-168,Ester,Viana,F,xleao@example.net
u-039,Gabrielly,Aparecida,F,mendesemanuelly@example.net
u-032,Leonardo,da Rocha,F,lucas-gabriel29@example.com
u-256,José Miguel,Fonseca,F,maria-laura53@example.net
u-109,Theodoro,Cavalcanti,F,nicole99@example.com
u-414,Lucas Gabriel,Castro,F,ana-luiza56@example.com
u-580,Yan,Macedo,F,otavioda-mota@example.net
u-706,Alexia,Ramos,M,ester46@example.org
u-002,Heitor,da Luz,M,luisa90@example.com
u-926,Lucca,Nascimento,F,pfreitas@example.com
u-765,Kamilly,Costela,F,emanuellylopes@example.net
u-996,Lucas,Macedo,F,erickviana@example.org
u-558,Benjamim,Nascimento,M,pandrade@example.org
u-570,Pietra,Brito,M,vrios@example.com
u-655,Maria Helena,Marques,M,lorenzosiqueira@example.org
u-862,Marcelo,Ramos,M,antonella24@example.net
u-924,Davi Lucca,Marques,F,luiz-fernandoda-mota@example.net
u-351,Aylla,Duarte,F,dsousa@example.net
u-064,Eloá,Oliveira,M,da-motapedro-lucas@example.com
u-337,Julia,Fernandes,M,mbarbosa@example.com
u-147,Bento,Carvalho,M,ninafogaca@example.com
u-038,Pedro Miguel,Caldeira,F,silveiraalexandre@example.org
u-185,Camila,Rodrigues,M,pcarvalho@example.com
u-060,João Miguel,Farias,M,raviaparecida@example.org
u-315,Alexia,Correia,M,jda-rosa@example.com
u-248,Dante,Montenegro,M,fogacaeloa@example.com
u-356,Maria Alice,Cavalcanti,M,maria-luiza16@example.org
u-244,Antony,Caldeira,M,omelo@example.org
u-708,Ana Lívia,Aragão,F,joao-miguel82@example.org
u-510,Stella,Leão,M,julia11@example.org
u-545,Murilo,Moraes,F,yfonseca@example.org
u-152,Ana Júlia,Lopes,F,bda-mata@example.com
u-787,Thomas,Cardoso,M,jose-miguelcavalcante@example.com
u-255,Pietro,Cavalcante,M,da-costamaria-luisa@example.net
u-786,Henry Gabriel,Cardoso,F,luiz-fernando61@example.com
u-586,Felipe,Dias,M,sampaiovinicius@example.org
u-971,Amanda,Rios,M,benjamin71@example.net
u-857,Erick,Ribeiro,F,monteirodavi-luiz@example.org
u-387,Ana Luiza,da Cunha,F,evelynferreira@example.net
u-069,Augusto,Leão,F,montenegroemanuella@example.com
u-669,Mariana,Viana,M,da-conceicaodom@example.org
u-989,Arthur Gabriel,Siqueira,M,mariafogaca@example.net
u-534,Dom,Martins,F,barbosaliz@example.net
u-241,Nina,Ribeiro,F,eduardo81@example.net
u-044,Ana Sophia,Cardoso,M,msa@example.net
u-564,Vitor Hugo,Pastor,F,franciscoalbuquerque@example.org
u-561,Caio,Ramos,M,elima@example.org
u-748,Leonardo,da Paz,M,melissa32@example.com
u-115,Alícia,da Conceição,M,azevedojoao-vitor@example.com
u-870,Isaque,Dias,M,eduardonogueira@example.com
u-395,Valentim,Sampaio,M,macedothiago@example.net
u-557,Erick,Santos,F,pda-rocha@example.net
u-722,Bento,Jesus,F,raelda-costa@example.org
u-661,Arthur Gabriel,das Neves,F,epires@example.net
u-771,Clara,Gonçalves,F,da-rochalucas-gabriel@example.com
u-551,Luiz Miguel,Souza,F,ppinto@example.com
u-071,Ravi,Azevedo,M,benicioalves@example.com
u-282,Rafaela,Montenegro,F,slopes@example.net
u-303,Kamilly,da Cunha,F,biancacunha@example.net
u-876,Nicole,Ramos,M,camila56@example.net
u-586,Renan,Alves,M,joao-miguel95@example.org
u-833,João Pedro,Santos,F,jose-pedro59@example.com
u-887,Cecília,da Rosa,M,mdas-neves@example.net
u-695,Manuela,Pereira,F,apinto@example.com
u-250,Mariane,Sousa,F,cavalcantipietra@example.net
u-237,Heitor,Cassiano,F,carvalhojose@example.net
u-068,Rael,Sales,M,valentinamoreira@example.org
u-695,Matteo,Araújo,M,oliverrodrigues@example.net
u-578,Sabrina,Pinto,F,ottomacedo@example.org
u-180,Jade,Moreira,F,rochaemilly@example.com
u-555,Isaac,da Paz,M,xmendes@example.net
u-539,Olivia,Nunes,F,lorena85@example.net
u-617,Davi Lucas,Pacheco,M,tda-rocha@example.org
u-204,Emanuelly,Teixeira,M,gael-henriqueviana@example.net
u-345,Laura,Aragão,M,theo51@example.net
u-107,Nina,Rocha,F,cardosodavi-miguel@example.com
u-057,Davi Lucca,Casa Grande,F,apollo11@example.net
u-293,João Vitor,Fogaça,F,andrevargas@example.com
u-532,Thales,Ramos,F,maria-julia37@example.net
u-105,Augusto,Macedo,M,britohellena@example.org
u-709,Milena,Ferreira,M,ana-livia26@example.com
u-448,Pietro,Abreu,M,csousa@example.com
u-729,Maria Isis,Campos,F,beniciomendonca@example.com
u-991,Vinicius,Correia,M,qmoreira@example.org
u-348,Isabel,Câmara,M,pedro-lucas35@example.com
u-235,Raul,Cavalcanti,M,yasmin48@example.net
u-377,Hellena,Cavalcanti,F,eduardo54@example.net
u-561,Sofia,Novaes,M,sofia01@example.org
u-953,Bianca,da Costa,M,oliviacassiano@example.net
u-062,Maria Julia,Aparecida,M,paparecida@example.com
u-550,Maria Clara,Pires,F,manuellacunha@example.net
u-191,Pedro Miguel,Almeida,F,liamramos@example.org
u-472,Manuela,Abreu,F,matteoferreira@example.com
u-901,Ágatha,Costela,M,caldeirajose-pedro@example.org
u-102,Milena,Novais,F,yguerra@example.org
u-015,Bella,da Cunha,F,cramos@example.org
u-681,Luiz Henrique,Garcia,F,hadassasantos@example.net
u-504,Ravy,da Mota,F,augusto38@example.org
u-726,Nicole,Casa Grande,F,mathias57@example.com
u-210,Ravi Lucca,Farias,F,aylanovais@example.com
u-456,Otávio,Freitas,F,luiz-henriquecorreia@example.com
u-867,Raul,Leão,M,maria-fernandafonseca@example.com
u-729,Ana,Souza,F,lmendes@example.org
u-509,Eloah,Costa,M,allana28@example.net
u-350,Kaique,Garcia,F,nogueiraana-julia@example.com
u-736,Clara,Martins,M,ryanmontenegro@example.com
u-196,Liam,Pimenta,F,alana39@example.net
u-157,Gustavo,Siqueira,M,qda-mata@example.com
u-649,Esther,Guerra,M,davi-luizcavalcante@example.org
u-495,Ísis,da Paz,M,giovanna81@example.net
u-178,Yago,Azevedo,M,yfogaca@example.net
u-822,Ana Vitória,da Paz,F,rmendes@example.org
u-630,Benjamim,Porto,F,joao-vitorferreira@example.com
u-130,Maria Alice,Pimenta,M,tvasconcelos@example.net
u-410,Ian,Viana,F,bentodias@example.org
u-147,Enzo Gabriel,Pacheco,F,vitor42@example.org
u-040,Emilly,Correia,F,tjesus@example.org
u-017,Maria Luísa,Rodrigues,F,kfernandes@example.net
u-393,Davi,Almeida,F,pedro81@example.com
u-940,Calebe,Campos,F,oliver62@example.net
u-062,Lavínia,da Cruz,M,vitoriaribeiro@example.org
u-532,Júlia,Freitas,F,tfreitas@example.net
u-873,Esther,da Mota,F,kevin46@example.net
u-182,Laura,Silveira,F,matteomontenegro@example.com
u-280,Diego,Alves,M,fda-cunha@example.com
u-559,Laís,Sá,F,heloisamonteiro@example.net
u-551,Henry Gabriel,Santos,F,uda-conceicao@example.org
u-151,Leandro,Fogaça,F,luccadias@example.org
u-308,Davi Miguel,Moreira,F,uguerra@example.net
u-420,Letícia,da Conceição,M,wnovais@example.com
u-731,Isaac,Nogueira,F,paparecida@example.net
u-613,Mariana,Moreira,F,hporto@example.net
u-795,Ravy,das Neves,F,siqueiraarthur@example.org
u-798,Theo,Camargo,F,wmoura@example.com
u-373,Theo,Rodrigues,M,biancarocha@example.com
u-299,Nicole,da Costa,F,noah76@example.com
u-277,Dante,Brito,F,kevinda-conceicao@example.com
u-679,Luan,Costa,M,jvasconcelos@example.org
u-650,Laura,da Paz,M,qvargas@example.org
u-515,Miguel,Cassiano,M,mathiasguerra@example.net
u-046,Arthur Gabriel,Fogaça,F,borgesmarcelo@example.net
u-074,Larissa,Cavalcanti,F,ana-clara76@example.org
u-450,Marcelo,Marques,F,drios@example.net
u-401,Antônio,Barbosa,M,melinacarvalho@example.org
u-882,Maysa,Pacheco,F,pietrosampaio@example.com
u-913,Anthony Gabriel,Carvalho,F,ayla93@example.org
u-737,Maria Júlia,Costela,M,tsouza@example.org
u-343,Marina,Rodrigues,F,joao-lucascostela@example.net
u-497,Sarah,Farias,M,ycamargo@example.net
u-519,Ana Sophia,Cunha,M,camargopedro-lucas@example.com
u-898,Alícia,Caldeira,F,wjesus@example.net
u-947,Pedro Miguel,Duarte,M,joao-guilhermejesus@example.com
u-349,João Felipe,Novais,F,cardosoana-carolina@example.net
u-678,Pedro Miguel,Guerra,M,brodrigues@example.org
u-058,Kamilly,da Costa,F,isisnovais@example.net
u-368,Vitor Hugo,Nogueira,M,melissarezende@example.net
u-744,Arthur Gabriel,Carvalho,F,kevin80@example.net
u-191,Marcelo,Leão,M,henriquecorreia@example.org
u-102,Alexandre,Macedo,F,pimentapedro-henrique@example.net
u-270,Enrico,Leão,M,pirescamila@example.com
u-935,Beatriz,da Paz,M,casa-grandemarcelo@example.net
u-904,Juan,Porto,F,ununes@example.org
u-186,Eloá,Costela,F,milena35@example.com
u-867,Davi Lucca,das Neves,M,ana-livia35@example.net
u-089,Nina,Brito,M,marquesdanilo@example.org
u-427,Bruna,Carvalho,M,da-costaisabella@example.org
u-000,Maria Luísa,Ramos,F,hmarques@example.net
u-699,Mariane,Leão,M,hvargas@example.net
u-657,Cecília,Almeida,M,benjamimgarcia@example.com
u-220,Erick,da Mata,F,matteonovais@example.org
u-636,Maria Julia,Nunes,F,kgoncalves@example.com
u-189,Valentina,Rios,F,juan44@example.com
u-195,Henry Gabriel,Rezende,F,leandro33@example.com
u-275,Nina,Nogueira,M,isabellymacedo@example.net
u-365,Rebeca,Moraes,M,kcarvalho@example.net
u-754,Augusto,Correia,F,cardosonatalia@example.net
u-785,Anna Liz,Fonseca,F,garciamaria-vitoria@example.net
